{
	"info": {
		"_postman_id": "6492d375-3562-4c5b-a83a-3a404afa0b03",
		"name": "aparat-test-app",
		"schema": "https://schema.getpostman.com/json/collection/v2.1.0/collection.json"
	},
	"item": [
		{
			"name": "http://localhost:8000/",
			"request": {
				"method": "GET",
				"header": [],
				"url": {
					"raw": "http://localhost:8000/",
					"protocol": "http",
					"host": [
						"localhost"
					],
					"port": "8000",
					"path": [
						""
					]
				}
			},
			"response": []
		},
		{
			"name": "http://localhost:8000/register?name=Taha Shieenavaz&email=taha@yahoo.com&password=123456",
			"request": {
				"method": "POST",
				"header": [],
				"url": {
					"raw": "http://localhost:8000/register?name=Taha Shieenavaz&email=taha@yahoo.com&password=123456",
					"protocol": "http",
					"host": [
						"localhost"
					],
					"port": "8000",
					"path": [
						"register"
					],
					"query": [
						{
							"key": "name",
							"value": "Taha Shieenavaz"
						},
						{
							"key": "email",
							"value": "taha@yahoo.com"
						},
						{
							"key": "password",
							"value": "123456"
						}
					]
				}
			},
			"response": []
		},
		{
			"name": "http://localhost:8000/login?email=taha@yahoo.com&password=123456",
			"request": {
				"method": "POST",
				"header": [],
				"url": {
					"raw": "http://localhost:8000/login?email=taha@yahoo.com&password=123456",
					"protocol": "http",
					"host": [
						"localhost"
					],
					"port": "8000",
					"path": [
						"login"
					],
					"query": [
						{
							"key": "email",
							"value": "taha@yahoo.com"
						},
						{
							"key": "password",
							"value": "123456"
						}
					]
				}
			},
			"response": []
		},
		{
			"name": "http://localhost:8000/profile",
			"request": {
				"method": "GET",
				"header": [],
				"url": {
					"raw": "http://localhost:8000/profile",
					"protocol": "http",
					"host": [
						"localhost"
					],
					"port": "8000",
					"path": [
						"profile"
					]
				}
			},
			"response": []
		},
		{
			"name": "http://localhost:8000/profile/add?target=http://msn.com",
			"request": {
				"method": "POST",
				"header": [],
				"url": {
					"raw": "http://localhost:8000/profile/add?target=http://msn.com",
					"protocol": "http",
					"host": [
						"localhost"
					],
					"port": "8000",
					"path": [
						"profile",
						"add"
					],
					"query": [
						{
							"key": "target",
							"value": "http://msn.com"
						}
					]
				}
			},
			"response": []
		},
		{
			"name": "http://localhost:8000/profile/edit?slug=2599c11&target=http://google.com",
			"request": {
				"method": "PUT",
				"header": [],
				"body": {
					"mode": "urlencoded",
					"urlencoded": [
						{
							"key": "slug",
							"value": "asdasdas",
							"type": "text"
						},
						{
							"key": "target",
							"value": "http://qazvin.com",
							"type": "text"
						}
					]
				},
				"url": {
					"raw": "http://localhost:8000/profile/edit?slug=2599c11&target=http://google.com",
					"protocol": "http",
					"host": [
						"localhost"
					],
					"port": "8000",
					"path": [
						"profile",
						"edit"
					],
					"query": [
						{
							"key": "slug",
							"value": "2599c11"
						},
						{
							"key": "target",
							"value": "http://google.com"
						}
					]
				}
			},
			"response": []
		},
		{
			"name": "http://localhost:8000/profile/delete?slug=2599c11",
			"request": {
				"method": "DELETE",
				"header": [],
				"url": {
					"raw": "http://localhost:8000/profile/delete?slug=2599c11",
					"protocol": "http",
					"host": [
						"localhost"
					],
					"port": "8000",
					"path": [
						"profile",
						"delete"
					],
					"query": [
						{
							"key": "slug",
							"value": "2599c11"
						}
					]
				}
			},
			"response": []
		},
		{
			"name": "http://localhost:8000/logout",
			"request": {
				"method": "POST",
				"header": [],
				"body": {
					"mode": "urlencoded",
					"urlencoded": []
				},
				"url": {
					"raw": "http://localhost:8000/logout",
					"protocol": "http",
					"host": [
						"localhost"
					],
					"port": "8000",
					"path": [
						"logout"
					]
				}
			},
			"response": []
		}
	]
}